site_number,parameter_code,poc,sample_duration,method_code,method,units_of_measure,latitude,longitude,datum
1069,88101,2,1 HOUR,209,Met One BAM-1022 Mass Monitor w/ VSCC or TE-PM2.5C - Beta Attenuation,Micrograms/cubic meter (LC),29.529433,-98.391385,WGS84
0059,88101,2,1 HOUR,209,Met One BAM-1022 Mass Monitor w/ VSCC or TE-PM2.5C - Beta Attenuation,Micrograms/cubic meter (LC),29.275371,-98.3117,WGS84
0032,88101,2,1 HOUR,209,Met One BAM-1022 Mass Monitor w/ VSCC or TE-PM2.5C - Beta Attenuation,Micrograms/cubic meter (LC),29.515061,-98.620211,WGS84
0032,88101,1,24 HOUR,145,R & P Model 2025 PM-2.5 Sequential Air Sampler w/VSCC - Gravimetric,Micrograms/cubic meter (LC),29.515061,-98.620211,WGS84
0032,42602,1,1 HOUR,099,INSTRUMENTAL - GAS PHASE CHEMILUMINESCENCE,Parts per billion,29.515061,-98.620211,WGS84
1069,42602,1,1 HOUR,099,INSTRUMENTAL - GAS PHASE CHEMILUMINESCENCE,Parts per billion,29.529433,-98.391385,WGS84
0052,44201,1,1 HOUR,087,INSTRUMENTAL - ULTRA VIOLET ABSORPTION,Parts per million,29.632077,-98.564918,WGS84
0032,44201,2,1 HOUR,087,INSTRUMENTAL - ULTRA VIOLET ABSORPTION,Parts per million,29.515061,-98.620211,WGS84
1080,42401,1,1 HOUR,100,INSTRUMENTAL - ULTRAVIOLET FLUORESCENCE,Parts per billion,29.352911,-98.332814,WGS84
1069,42101,1,1 HOUR,093,INSTRUMENTAL - GAS FILTER CORRELATION CO ANALYZER,Parts per million,29.529433,-98.391385,WGS84
0059,42401,1,1 HOUR,100,INSTRUMENTAL - ULTRAVIOLET FLUORESCENCE,Parts per billion,29.275371,-98.3117,WGS84
0059,42602,1,1 HOUR,099,INSTRUMENTAL - GAS PHASE CHEMILUMINESCENCE,Parts per billion,29.275371,-98.3117,WGS84
0052,42602,2,1 HOUR,099,INSTRUMENTAL - GAS PHASE CHEMILUMINESCENCE,Parts per billion,29.632077,-98.564918,WGS84
0059,44201,1,1 HOUR,087,INSTRUMENTAL - ULTRA VIOLET ABSORPTION,Parts per million,29.275371,-98.3117,WGS84
